{
  "precision": 0.8450021632919625,
  "recall": 0.8232217817867254,
  "otar": 1.1114902841144738,
  "opar": 1.06040747470516
}